{
  "Products" : {
    "transaction" : "Products",
    "sampleCount" : 2200,
    "errorCount" : 0,
    "errorPct" : 0.0,
    "meanResTime" : 7.374999999999999,
    "medianResTime" : 3.0,
    "minResTime" : 2.0,
    "maxResTime" : 189.0,
    "pct1ResTime" : 5.0,
    "pct2ResTime" : 8.0,
    "pct3ResTime" : 176.98999999999978,
    "throughput" : 202.89587752467028,
    "receivedKBytesPerSec" : 115.57229462556488,
    "sentKBytesPerSec" : 36.65599349810938
  },
  "Total" : {
    "transaction" : "Total",
    "sampleCount" : 2200,
    "errorCount" : 0,
    "errorPct" : 0.0,
    "meanResTime" : 7.374999999999999,
    "medianResTime" : 3.0,
    "minResTime" : 2.0,
    "maxResTime" : 189.0,
    "pct1ResTime" : 5.0,
    "pct2ResTime" : 8.0,
    "pct3ResTime" : 176.98999999999978,
    "throughput" : 202.89587752467028,
    "receivedKBytesPerSec" : 115.57229462556488,
    "sentKBytesPerSec" : 36.65599349810938
  }
}