{
  "Products" : {
    "transaction" : "Products",
    "sampleCount" : 8000,
    "errorCount" : 0,
    "errorPct" : 0.0,
    "meanResTime" : 6.177875000000031,
    "medianResTime" : 2.0,
    "minResTime" : 1.0,
    "maxResTime" : 206.0,
    "pct1ResTime" : 5.0,
    "pct2ResTime" : 28.949999999999818,
    "pct3ResTime" : 101.0,
    "throughput" : 814.5809998981773,
    "receivedKBytesPerSec" : 464.12771023190106,
    "sentKBytesPerSec" : 147.16551267691682
  },
  "Total" : {
    "transaction" : "Total",
    "sampleCount" : 8000,
    "errorCount" : 0,
    "errorPct" : 0.0,
    "meanResTime" : 6.177875000000031,
    "medianResTime" : 2.0,
    "minResTime" : 1.0,
    "maxResTime" : 206.0,
    "pct1ResTime" : 5.0,
    "pct2ResTime" : 28.949999999999818,
    "pct3ResTime" : 101.0,
    "throughput" : 814.5809998981773,
    "receivedKBytesPerSec" : 464.12771023190106,
    "sentKBytesPerSec" : 147.16551267691682
  }
}