{
  "Total" : {
    "transaction" : "Total",
    "sampleCount" : 8000,
    "errorCount" : 0,
    "errorPct" : 0.0,
    "meanResTime" : 28.86324999999983,
    "medianResTime" : 10.0,
    "minResTime" : 4.0,
    "maxResTime" : 379.0,
    "pct1ResTime" : 86.0,
    "pct2ResTime" : 113.0,
    "pct3ResTime" : 196.0,
    "throughput" : 811.1944838775096,
    "receivedKBytesPerSec" : 371.3865603135774,
    "sentKBytesPerSec" : 255.72797179197931
  },
  "HTTP Request" : {
    "transaction" : "HTTP Request",
    "sampleCount" : 8000,
    "errorCount" : 0,
    "errorPct" : 0.0,
    "meanResTime" : 28.86324999999983,
    "medianResTime" : 10.0,
    "minResTime" : 4.0,
    "maxResTime" : 379.0,
    "pct1ResTime" : 86.0,
    "pct2ResTime" : 113.0,
    "pct3ResTime" : 196.0,
    "throughput" : 811.1944838775096,
    "receivedKBytesPerSec" : 371.3865603135774,
    "sentKBytesPerSec" : 255.72797179197931
  }
}