{
  "Products" : {
    "transaction" : "Products",
    "sampleCount" : 4000,
    "errorCount" : 0,
    "errorPct" : 0.0,
    "meanResTime" : 6.277249999999993,
    "medianResTime" : 2.0,
    "minResTime" : 1.0,
    "maxResTime" : 201.0,
    "pct1ResTime" : 4.0,
    "pct2ResTime" : 18.899999999999636,
    "pct3ResTime" : 171.0,
    "throughput" : 408.58018386108273,
    "receivedKBytesPerSec" : 232.77110332609809,
    "sentKBytesPerSec" : 73.81575587334015
  },
  "Total" : {
    "transaction" : "Total",
    "sampleCount" : 4000,
    "errorCount" : 0,
    "errorPct" : 0.0,
    "meanResTime" : 6.277249999999993,
    "medianResTime" : 2.0,
    "minResTime" : 1.0,
    "maxResTime" : 201.0,
    "pct1ResTime" : 4.0,
    "pct2ResTime" : 18.899999999999636,
    "pct3ResTime" : 171.0,
    "throughput" : 408.58018386108273,
    "receivedKBytesPerSec" : 232.77110332609809,
    "sentKBytesPerSec" : 73.81575587334015
  }
}