{
  "Products" : {
    "transaction" : "Products",
    "sampleCount" : 16000,
    "errorCount" : 0,
    "errorPct" : 0.0,
    "meanResTime" : 114.07025000000034,
    "medianResTime" : 113.0,
    "minResTime" : 1.0,
    "maxResTime" : 919.0,
    "pct1ResTime" : 245.0,
    "pct2ResTime" : 288.9499999999989,
    "pct3ResTime" : 432.0,
    "throughput" : 1525.8439824527943,
    "receivedKBytesPerSec" : 869.4627621054262,
    "sentKBytesPerSec" : 275.6651726111005
  },
  "Total" : {
    "transaction" : "Total",
    "sampleCount" : 16000,
    "errorCount" : 0,
    "errorPct" : 0.0,
    "meanResTime" : 114.07025000000034,
    "medianResTime" : 113.0,
    "minResTime" : 1.0,
    "maxResTime" : 919.0,
    "pct1ResTime" : 245.0,
    "pct2ResTime" : 288.9499999999989,
    "pct3ResTime" : 432.0,
    "throughput" : 1525.8439824527943,
    "receivedKBytesPerSec" : 869.4627621054262,
    "sentKBytesPerSec" : 275.6651726111005
  }
}