{
  "Total" : {
    "transaction" : "Total",
    "sampleCount" : 400,
    "errorCount" : 0,
    "errorPct" : 0.0,
    "meanResTime" : 219.6975000000002,
    "medianResTime" : 13.0,
    "minResTime" : 10.0,
    "maxResTime" : 1736.0,
    "pct1ResTime" : 1053.6000000000008,
    "pct2ResTime" : 1458.1499999999996,
    "pct3ResTime" : 1699.97,
    "throughput" : 40.93746801760311,
    "receivedKBytesPerSec" : 18.693710981475792,
    "sentKBytesPerSec" : 12.896901545389417
  },
  "HTTP Request" : {
    "transaction" : "HTTP Request",
    "sampleCount" : 400,
    "errorCount" : 0,
    "errorPct" : 0.0,
    "meanResTime" : 219.6975000000002,
    "medianResTime" : 13.0,
    "minResTime" : 10.0,
    "maxResTime" : 1736.0,
    "pct1ResTime" : 1053.6000000000008,
    "pct2ResTime" : 1458.1499999999996,
    "pct3ResTime" : 1699.97,
    "throughput" : 40.93746801760311,
    "receivedKBytesPerSec" : 18.693710981475792,
    "sentKBytesPerSec" : 12.896901545389417
  }
}