{
  "Products" : {
    "transaction" : "Products",
    "sampleCount" : 2000,
    "errorCount" : 0,
    "errorPct" : 0.0,
    "meanResTime" : 5.566000000000005,
    "medianResTime" : 3.0,
    "minResTime" : 2.0,
    "maxResTime" : 117.0,
    "pct1ResTime" : 5.0,
    "pct2ResTime" : 8.0,
    "pct3ResTime" : 77.99000000000001,
    "throughput" : 203.66598778004075,
    "receivedKBytesPerSec" : 116.04854171970469,
    "sentKBytesPerSec" : 36.79512474541752
  },
  "Total" : {
    "transaction" : "Total",
    "sampleCount" : 2000,
    "errorCount" : 0,
    "errorPct" : 0.0,
    "meanResTime" : 5.566000000000005,
    "medianResTime" : 3.0,
    "minResTime" : 2.0,
    "maxResTime" : 117.0,
    "pct1ResTime" : 5.0,
    "pct2ResTime" : 8.0,
    "pct3ResTime" : 77.99000000000001,
    "throughput" : 203.66598778004075,
    "receivedKBytesPerSec" : 116.04854171970469,
    "sentKBytesPerSec" : 36.79512474541752
  }
}