{
  "Total" : {
    "transaction" : "Total",
    "sampleCount" : 10000,
    "errorCount" : 0,
    "errorPct" : 0.0,
    "meanResTime" : 288.9273000000003,
    "medianResTime" : 193.0,
    "minResTime" : 5.0,
    "maxResTime" : 2819.0,
    "pct1ResTime" : 603.0,
    "pct2ResTime" : 799.0,
    "pct3ResTime" : 1374.0,
    "throughput" : 900.5763688760808,
    "receivedKBytesPerSec" : 412.2870277602666,
    "sentKBytesPerSec" : 283.88453766660666
  },
  "HTTP Request" : {
    "transaction" : "HTTP Request",
    "sampleCount" : 10000,
    "errorCount" : 0,
    "errorPct" : 0.0,
    "meanResTime" : 288.9273000000003,
    "medianResTime" : 193.0,
    "minResTime" : 5.0,
    "maxResTime" : 2819.0,
    "pct1ResTime" : 603.0,
    "pct2ResTime" : 799.0,
    "pct3ResTime" : 1374.0,
    "throughput" : 900.5763688760808,
    "receivedKBytesPerSec" : 412.2870277602666,
    "sentKBytesPerSec" : 283.88453766660666
  }
}