{
  "Total" : {
    "transaction" : "Total",
    "sampleCount" : 2200,
    "errorCount" : 0,
    "errorPct" : 0.0,
    "meanResTime" : 168.6931818181818,
    "medianResTime" : 71.5,
    "minResTime" : 5.0,
    "maxResTime" : 1071.0,
    "pct1ResTime" : 475.0,
    "pct2ResTime" : 554.0,
    "pct3ResTime" : 699.9899999999998,
    "throughput" : 201.28087831655992,
    "receivedKBytesPerSec" : 91.94179580283624,
    "sentKBytesPerSec" : 63.44010893183898
  },
  "HTTP Request" : {
    "transaction" : "HTTP Request",
    "sampleCount" : 2200,
    "errorCount" : 0,
    "errorPct" : 0.0,
    "meanResTime" : 168.6931818181818,
    "medianResTime" : 71.5,
    "minResTime" : 5.0,
    "maxResTime" : 1071.0,
    "pct1ResTime" : 475.0,
    "pct2ResTime" : 554.0,
    "pct3ResTime" : 699.9899999999998,
    "throughput" : 201.28087831655992,
    "receivedKBytesPerSec" : 91.94179580283624,
    "sentKBytesPerSec" : 63.44010893183898
  }
}