{
  "Products" : {
    "transaction" : "Products",
    "sampleCount" : 2300,
    "errorCount" : 0,
    "errorPct" : 0.0,
    "meanResTime" : 6.649130434782618,
    "medianResTime" : 3.0,
    "minResTime" : 1.0,
    "maxResTime" : 200.0,
    "pct1ResTime" : 4.0,
    "pct2ResTime" : 7.0,
    "pct3ResTime" : 177.91999999999825,
    "throughput" : 253.77910184265696,
    "receivedKBytesPerSec" : 144.61842191465297,
    "sentKBytesPerSec" : 45.84876351649564
  },
  "Total" : {
    "transaction" : "Total",
    "sampleCount" : 2300,
    "errorCount" : 0,
    "errorPct" : 0.0,
    "meanResTime" : 6.649130434782618,
    "medianResTime" : 3.0,
    "minResTime" : 1.0,
    "maxResTime" : 200.0,
    "pct1ResTime" : 4.0,
    "pct2ResTime" : 7.0,
    "pct3ResTime" : 177.91999999999825,
    "throughput" : 253.77910184265696,
    "receivedKBytesPerSec" : 144.61842191465297,
    "sentKBytesPerSec" : 45.84876351649564
  }
}