{
  "Products" : {
    "transaction" : "Products",
    "sampleCount" : 12000,
    "errorCount" : 0,
    "errorPct" : 0.0,
    "meanResTime" : 5.808666666666652,
    "medianResTime" : 2.0,
    "minResTime" : 1.0,
    "maxResTime" : 191.0,
    "pct1ResTime" : 10.0,
    "pct2ResTime" : 23.0,
    "pct3ResTime" : 65.98999999999978,
    "throughput" : 1220.8769966425882,
    "receivedKBytesPerSec" : 695.6105656730084,
    "sentKBytesPerSec" : 220.56859802624885
  },
  "Total" : {
    "transaction" : "Total",
    "sampleCount" : 12000,
    "errorCount" : 0,
    "errorPct" : 0.0,
    "meanResTime" : 5.808666666666652,
    "medianResTime" : 2.0,
    "minResTime" : 1.0,
    "maxResTime" : 191.0,
    "pct1ResTime" : 10.0,
    "pct2ResTime" : 23.0,
    "pct3ResTime" : 65.98999999999978,
    "throughput" : 1220.8769966425882,
    "receivedKBytesPerSec" : 695.6105656730084,
    "sentKBytesPerSec" : 220.56859802624885
  }
}